pcode,sortname,serbname,latitude,longitude
1001,BABALOC,Babaloq,42.4869,20.3497
1003,BELAJE,Belaje,42.5767,20.2106
1004,BELEG,Beleg,42.5333,20.315
1005,DASINOVAC,Dašinovac,42.5361,20.3981
1006,DECANI,Deçani,42.5403,20.2917
1007,DOCAJ,Đocaj,42.4856,20.25
1010,DONJIRATIS,Donji Ratiš,42.5194,20.3908
1012,DRENOVAC,,42.5124,20.2708
1013,DUBOVIK,,42.56,20.32
1014,DUBRAVA,Dubrava,42.4928,20.3606
1021,GORNJISTREOC,Gornji Streoc,42.5792,20.2944
1022,GRAMOCELJ,Gramoçelj,42.4822,20.3636
1023,HULJAJ,Huljaj,42.535,20.2628
1024,ISTINIC,Istiniq,42.5589,20.3036
1025,ISTREFAJ,Istrefaj,42.5922,20.3133
1026,JASIC,Jasiq,42.4711,20.365
1027,JUNIK,Junik,42.4775,20.2783
1028,KODRALIJA,Kodralija,42.8958,21.1036
1029,LETOVALISTE,Letovaliste,42.5464,20.2647
1030,LJUBUSA,Ljubuša,42.5642,20.2917
1031,LJUMBARDA,Ljumbarda,42.5481,20.3489
1032,LOCANE,Loqane,42.5256,20.2797
1034,MAZNIK,Maznik,42.5433,20.4497
1035,MIROC,Miroc,42.4756,20.2917
1036,PAPIC,Papiq,42.5556,20.3442
1037,PAPRACANE,Papraqane,42.5542,20.3322
1038,PEPSA,Pepša,42.4833,20.2731
1039,POBRDE,Pobrde,42.5261,20.2619
1040,POZAR,Požar,42.5361,20.3364
1041,PREKOLUKA,Prekoluka,42.5078,20.3392
1042,PRILEP,Prilep,42.5086,20.32
1043,RASTAVICA,Rastavica,42.4942,20.3278
1044,RZNIC,Rzniq,42.5206,20.3497
1046,SAC,Saç,42.4797,20.2903
1047,SAPTELJ,Šaptelj,42.5,20.3789
1048,SLUP,Slup,42.5075,20.2847
1049,SPELOZEZ,Spelozez,42.5694,20.2167
1050,VOKSA,Vokša,42.51,20.2714
1630,MALOKRUSEVO,Malo Kruševo,42.6394,20.5639
2000,DAKOVICA,Đakovica,42.3803,20.4308
2001,BABAJBOKS,Babaj Boks,42.3617,20.3342
2002,BARDONIC,Bardoniq,42.5253,20.4478
2003,BARDOSAN,Bardosan,42.4042,20.5047
2004,BATUSA,Batuša,42.455,20.2622
2005,BEC,Bec,42.4431,20.4494
2007,BISTRAZIN,Bistražin,42.3544,20.5128
2008,BOB,Bob,42.3472,20.3467
2009,BREKOVAC,Brekovac,42.36,20.405
2010,BROVINA,Brovina,42.4306,20.2758
2012,CERET,Çeret,42.34,20.2669
2013,CERIM,Çerim,42.4058,20.4358
2015,CURDINA,Çurdina,42.3075,20.4189
2016,DALASAJ/DLALLASAJ,Dalasaj/Dlallasaj,42.4215,20.315
2017,DAMJANE,Damjane,42.2961,20.5208
2018,DEVA,Deva,42.3478,20.3522
2019,DJAKOVICA,Djakovica,42.3803,20.4308
2020,DOBLIBARE,Doblibare,42.4236,20.5019
2021,DOBRIC,Dobriç,42.4714,20.3789
2022,DOBROS,Dobroš,42.4408,20.3122
2023,DOLJ,Dolj,42.3319,20.4639
2024,DON,Don,42.5003,20.4597
2027,DUJAK,Dujak,42.4561,20.3697
2028,DUZNJE,Dužnje,42.3694,20.3514
2029,EREC,Ereç,42.4644,20.3575
2030,FIRAJA,Firaja,42.25,21.0983
2031,FIRZA,Firza,42.3503,20.4197
2032,FSAT,Fšat,42.3464,20.5358
2033,GODEN,Goden,42.2961,20.4453
2036,GRADIS,Gradiš,42.3519,20.5294
2037,GRCINA,Grçina,42.2953,20.4836
2038,GRGOC,Grgoc,42.5097,20.455
2039,GUSKA,Guska,42.3608,20.3728
2040,JABLANICA,,42.545,20.48
2041,JAHOC,Jahoc,42.3897,20.3867
2042,JANOS,Janoš,42.4514,20.4169
2043,KALAVAJ,Kalavaj,42.4514,20.2719
2044,KOCAJ,Koçaj,42.405,20.3581
2046,KODRALIJA,,42.4643,20.4791
2047,KOLONIJA,Kolonija,42.9228,20.8989
2048,KORENICA,Korenica,42.3719,20.3675
2049,KOSARE,Košare,42.4544,20.2383
2050,KRALJANE,Kraljane,42.5233,20.5133
2051,KUKAJ,Kukaj,42.3397,20.3669
2052,KUSAR,Kusar,42.3281,20.4428
2053,KUSEVAC,Kuševac,42.3417,20.4747
2054,LIPOVAC,Lipovac,42.3128,20.4706
2055,LJUGBUNAR,Ljugbunar,42.4281,20.4356
2057,MARMULE,Marmule,42.3769,20.5108
2058,MAROS,Maroš,42.2969,20.5514
2059,MAZREK,,42.3803,20.4308
2060,MECA,Meqa,42.4575,20.4997
2061,MEJA,Meja,42.3811,20.405
2062,MEJAORIZE,Meja-Orize,42.3903,20.3747
2063,MOGLICA,Moglica,42.3533,20.4392
2064,MOLIC,Moliq,42.4392,20.2708
2065,MORINA,Morina,42.4136,20.2583
2066,NETIC,Netic,42.4739,20.4581
2067,NIVOKAZ,Nivokaz,42.4414,20.2889
2068,OSEKHILJA,Osek Hilja,42.4139,20.4
2070,PACAJ,Pacaj,42.4447,20.32
2071,PALJABARDA,Paljabarda,42.465,20.4072
2072,PETRUSAN,Petrušan,42.3406,20.455
2073,PISKOTE,Piskote,42.4022,20.4142
2074,PLJANCOR,Pljançor,42.445,20.3625
2075,PONOSEVAC,Ponoševac,42.4069,20.2836
2076,POPOVAC,Popovac,42.3914,20.2969
2079,RACA,Raça,42.3508,20.4517
2080,RACAJ,Racaj,42.4217,20.3511
2081,RADONJIC,Radonjiq,42.4833,20.4333
2082,RAKOC,Rakoc,42.5,20.4167
2083,RAMOC,Ramoc,42.3972,20.3497
2084,RASKOC,Raškoc,42.4739,20.4689
2086,REZINA,Rezina,42.3886,20.4942
2088,ROGOVO,Rogovo,42.3294,20.5797
2091,SEREMET,Šeremet,42.4356,20.3303
2092,SISMAN,Šišman,42.3786,20.3236
2094,SKIVJANE,Skivjane,42.4308,20.3831
2095,SMAC,Smaq,42.3011,20.7225
2097,SOPOT,Sopot,42.4544,20.4225
2098,STUBLA,Stubla,42.415,20.2922
2099,TRAKANIC,Trakaniq,42.4261,20.4231
2100,UJZ,Ujz,42.3342,20.5308
2101,VOGOVO,Vogovo,42.3428,20.3808
2102,VRANIC,Vraniq,42.3256,20.9192
2104,ZABELJ,Žabelj,42.5317,20.4608
2105,ZDRELO,Ždrelo,42.4631,20.4344
2106,ZIDSADIHAGA,Zid Sadih Aga,42.365,20.4478
2108,ZUB,Zub,42.3417,20.3964
2109,ZULFAJ,Zulfaj,42.2981,20.4067
2502,DUBRAVA,Dubrava,42.3558,21.1339
3000,GLOGOVAC,,42.6,20.89
3001,BANJICA,,42.61,20.8333
3002,BERISA,Beriša,42.5333,20.85
3003,DOBROSEVAC,Dobroševac,42.6569,20.9511
3004,DOMANEK,Domanek,42.6144,20.8533
3006,DONJAKORETICA,Donja Koretica,42.6042,20.9
3007,DONJIZABELJ,Donji Zabelj,42.5886,20.8936
3008,GLADNOSELO,Gladno Selo,42.6703,20.9169
3009,GLOBARE,Globare,42.6458,20.8706
3010,GLOGOVAC,Glogovac,42.6306,20.8842
3011,GODANCE,Godance,42.68,20.9367
3012,GORNJAFUSTICA,Gornja Fuštica,42.555,20.9481
3013,GORNJAKORETICA,Gornja Koretica,42.6064,20.9358
3014,GORNJEOBRINJE,Gornje Obrinje,42.6347,20.7894
3016,GRADICA,Gradica,42.6958,20.9508
3018,KOMORANE,Komorane,42.5781,20.9064
3019,KRAJKOVO,Krajkovo,42.5964,20.8536
3020,KRIVOVO,Krivovo,42.5986,20.9625
3021,LAPUSNIK,Lapušnik,42.5656,20.8439
3022,LIKOSANE,Likošane,42.7028,20.9064
3023,NEGROVCE,Negrovce,42.5628,20.8336
3024,NEKOVCE,Nekovce,42.5353,20.9039
3025,NOVOCIKATOVO,Novo Cikatovo,42.6292,20.8838
3027,ORLATE,Orlate,42.5517,20.8294
3028,POKLEK,Poklek,42.6289,20.9172
3029,POLUZA,,42.69,20.82
3030,STANKOVCE,Stankovce,42.57,20.9419
3031,STAROCIKATOVO,Staro Çikatovo,42.6556,20.9081
3032,STRBULOVO,Štrbulovo,42.6075,20.8831
3033,STUTICA,Štutica,42.6983,20.85
3034,TRDEVAC,Trdevac,42.6183,20.7831
3035,TRPEZA,,42.5188,20.825
3036,TRSTENIK,,42.659,20.8439
3037,VASILJEVO,Vasiljevo,42.6311,20.9364
3038,VRBOVAC,,42.6831,20.8497
3039,VUCAK,Vuçak,42.5872,20.8206
3040,VUKOVCE,Vukovce,42.5794,20.8836
4000,GNJILANA,,42.4643,21.4791
4001,ADZINI,Adžini,42.3447,21.5047
4002,BELLANICE,,42.52,21.33
4003,BILINCE,Bilince,42.4192,21.6072
4004,BRASALJCE,Brasaljce,42.4972,21.4036
4007,BUKOVIK,Bukovik,42.4544,21.5594
4008,BURINCE,Burince,42.3983,21.5472
4009,CELIK,Çelik,42.3039,21.5217
4010,CERNICA,Cernica,42.4219,21.4203
4012,DEMIROVCI,Demirovci,42.3381,21.5114
4013,DOBRCANE,Dobrçane,42.4733,21.5708
4016,DONJESLAKOVCE,Donje Slakovce,42.4511,21.3047
4019,DRAGANAC,Draganac,42.5436,21.4739
4021,DUNAVO,Dunavo,42.2647,21.5614
4022,GADIS,Gadiš,42.4703,21.3294
4024,GNJILANA,,42.4643,21.4791
4028,GORNJILIVOC,Gornji Livoç,42.4542,21.4308
4030,GUMNISTE,Gumnište,42.46,21.3761
4032,INATOVCE,Inatovce,42.3911,21.5792
4033,JABUCANI,Jabuçani,42.4658,21.41
4034,JABUCANI,Jabuçani,42.4658,21.41
4035,JAKOVCOVI,Jakovçovi,42.5269,21.3617
4036,JUSUFOVCEMAHALA,Jusufovce Mahala,42.3314,21.5175
4038,KMETOVCE,Kmetovce,42.4914,21.5267
4039,KORETISTE,Koretište,42.4847,21.4419
4040,KOSACA,Kosaça,42.5028,21.5011
4041,KRAVARICA,Kravarica,42.4206,21.3839
4043,LIPOVICA,Lipovica,42.405,21.5403
4044,LOVCE,Lovce,42.4031,21.5694
4047,MALISEVO,,42.451,21.5208
4048,MARKOVAC,Markovac,42.4989,21.3758
4049,MECKARCI,Meçkarci,42.5381,21.3697
4050,MOZGOVO,Mozgovo,42.5431,21.5017
4051,MUCIBABA,Muçibaba,42.3728,21.5556
4054,NOSALJE,Nosalje,42.3836,21.4464
4055,PARALOVO,Paralovo,43.1167,20.4833
4056,PARTES,Parteš,42.4,21.4333
4057,PASJAK,Pasjak,42.4742,21.4256
4058,PASJANE,Pasjane,42.4053,21.4956
4060,PIDIC,Pidiq,42.3144,21.5269
4061,PODGRADE,,42.42,21.59
4062,PONES,Poneš,42.4883,21.3731
4063,PRILEPNICA,Prilepnica,42.5128,21.5192
4066,SAPAR,Sapar,42.4533,21.5475
4067,SASWARCI,Šašwarci,42.505,21.3806
4068,SELISTE,Selište,42.3406,21.4917
4069,SILOVO,Šilovo,42.4758,21.4964
4070,SLUBICA,Slubica,42.3869,21.6053
4071,SMAJLOVCI,Smajlovci,42.2625,21.1425
4072,STANCIC,Stançiq,42.265,21.5236
4073,STANISOR,Stanišor,42.4939,21.4628
4075,STRAZA,Straža,42.5097,20.465
4076,STUBLINA,Stublina,42.4564,21.6247
4077,SURLANE,Šurlane,42.3042,21.5322
4078,TEKIJA,Tekija,42.5392,21.3217
4080,UGLJARE,,42.4464,21.5417
4081,VELEKINCE,Velekince,42.4233,21.4847
4082,VLADOVO,Vladovo,42.3867,21.4739
4083,VLASTICA,Vlaštica,42.3856,21.5022
4084,VRAPCIC,Vrapçiq,42.4164,21.4092
4085,VRBICA,Vrbica,42.5375,21.3056
4086,ZASKOSNIK,Zaskošnik,42.3958,21.6003
4087,ZEGOVAC,Žegovac,42.5206,21.3422
4088,ZEGOVACKAVRBICA,Zegovacka Vrbica,42.5393,21.2708
4089,ZEGRA,Žegra,42.3706,21.485
5000,DRAGAS,Dragaš,42.0606,20.6522
5001,BACKA,Baçka,42.8972,21.0436
5002,BROD,,41.99,20.695
5003,DIKANCE,Dikance,42.0172,20.6625
5004,DRAGAS,Dragaš,42.0606,20.6522
5005,GLOBOCICA,Globoçica,42.005,20.6267
5007,KRUSEVO,Kruševo,43.0939,20.7767
5008,KUKULJANE,Kukuljane,42.0483,20.6544
5009,LESTANE,Leštane,42.0453,20.6817
5010,LJUBOVISTE,Ljubovište,42.0567,20.6631
5011,MLIKE,Mlike,42.0289,20.6444
5012,ORCUSA,Orçuša,42.0436,20.5992
5013,RADESA,Radeša,42.0567,20.6953
5014,RESTELICA,Restelica,41.9458,20.6675
5015,VRANISTE,Vranište,42.0433,20.6297
5016,BANJA,Banja,42.4617,20.7814
6000,ISTOK,,42.782,20.4747
6001,BANJA,,42.7416,20.5925
6002,BANJICA,Banjica,42.7167,20.3892
6003,BEGOVLUKAVAC,Begov Lukavac,42.7336,20.4467
6004,BELICA,Belica,42.75,20.6333
6005,CRKOLEZ,Crkolez,42.8131,20.6333
6008,CRKOLEZ,,42.81,20.63
6009,CRNCE,Crnçe,42.7833,20.4547
6011,GJURAKOVC,Gjurakovc,42.7256,20.4717
6012,DOBRUSA,Dobruša,42.7136,20.4311
6014,DRAGOLJEVAC,Dragoljevac,42.7725,20.5161
6015,DRENJE,Drenje,42.6883,20.5181
6016,DUBRAVA,,42.7789,20.5563
6017,DUSKAJA,Duškaja,42.7828,20.5133
6018,GRAB,Grab,42.7867,20.5075
6019,GUSAR,Gusar,42.7383,20.5342
6020,ISTOK,,42.782,20.4747
6021,KABASANI,Kabašani,42.7183,20.4739
6022,KALICANE,Kaliçane,42.7583,20.3536
6023,KAMENICA,Kamenica,42.7119,20.5239
6024,KASICA,Kašica,42.7061,20.4044
6026,KOS,Koš,42.6944,20.5631
6027,KOVRAGE,Kovrage,42.7469,20.5036
6028,KRNJINA,Krnjina,42.75,20.6
6029,LJUBOVO,Ljubovo,42.75,20.4225
6030,LJUBOZDA,Ljubožda,42.7753,20.4342
6031,LOPCAK,Lopçak,42.7147,20.5817
6032,LUGOVO,Lugovo,42.75,20.4667
6036,MEMICE,Memice,42.7697,20.6244
6037,MOJSTIR,Mojstir,42.8003,20.5428
6038,MUZEVINE,Muževine,42.76,20.4764
6040,OPRASKE,Opraške,42.6919,20.5417
6043,OSOJANE,Osojane,42.7219,20.5733
6045,POLJANE,Poljane,42.7208,20.6089
6046,PREKALE,Prekale,42.7047,20.4642
6047,PRIGODA,Prigoda,42.7525,20.4294
6048,RAKOS,Rakoš,42.7872,20.6078
6049,SALJINOVICA,Šaljinovica,42.7089,20.5356
6050,SINAJE,Sinaje,42.7919,20.5286
6051,SRBOBRAN,Srbobran,42.7319,20.4797
6052,STARODVORANE,Staro Dvorane,42.6975,20.4278
6053,STROPAC,Stropac,42.8397,20.5875
6054,STUDENICA,Studenica,42.7678,20.3869
6055,SUSICA,Sušica,41.9572,21.7831
6056,SUVILUKAVAC,Suvi Lukavac,42.735,20.5094
6057,SUVOGRLO,Suvo Grlo,42.8167,20.65
6058,TOMANCE,Tomance,42.7342,20.4747
6059,TRBUHOVAC,Trbuhovac,42.6908,20.4658
6060,TUCEP,Tuçep,42.7369,20.5792
6061,TURSKO,Tursko,42.7861,20.5742
6062,UKCA,Ukça,42.815,20.6108
6063,VERIC,Veriq,42.7508,20.5517
6064,VRELO,Vrelo,42.7719,20.4047
6065,ZABLACE,Zablace,42.6892,20.4897
6066,ZAC,Žaç,42.7064,20.5017
6067,ZAKOVO,Žakovo,42.8,20.6
7000,KACANIK,Kaçanik,42.2317,21.2578
7003,BANJICA,Banjica,42.2878,21.1644
7004,BELJA,Belja,42.2472,21.2403
7006,BELOGRACE,Belograce,42.3153,21.2475
7007,BICEVAC,Biçevac,42.2461,21.2144
7008,BOB,,42.2247,21.2657
7010,CARDAK,Çardak,42.2864,21.2242
7013,DARLISTA,Darlišta,42.2242,21.3278
7014,DIMCE,Dimce,42.1553,21.3081
7015,DINARICA,Dinarica,42.2442,21.3472
7016,DJENERALJANKOVIC,Djeneral Jankovic,42.1472,21.2969
7017,GJURGJEDOLI,Gjurgjedoli,42.1947,21.2767
7018,DOGANOVIC,Doganoviq,42.2706,21.1856
7022,DRAGOMAC,Dragomac,42.1836,21.1858
7024,DROBNJAK,Drobnjak,42.1756,21.3061
7025,DROSEC,Drošec,42.1811,21.2125
7026,DUBRAVA,Dubrava,42.2572,21.2006
7027,DURA,Dura,42.2811,21.1739
7029,ELEZA,Eleza,42.2828,21.1836
7031,GABRICA,Gabrica,42.2839,21.1753
7032,GAJRE,Gajre,42.2003,21.2514
7033,GLOBOCICA,,42.1724,21.188
7034,GORANCE,Gorance,42.1414,21.2333
7037,GORNJAGRLICA,Gornja Grlica,42.2761,21.1656
7038,HASALARI,Hasalari,42.1322,21.26
7039,HUNEL,Hunel,42.1414,21.2497
7041,IVAJA,Ivaja,42.1942,21.2325
7042,KACANIK,,42.2292,21.2625
7043,KODRAJI,Kodraji,42.1767,21.1797
7044,KORBULIC,Korbuliq,42.2361,21.3361
7045,KOTLINA,Kotlina,42.1764,21.2322
7046,KOVACEVAC,Kovaçevac,42.2442,21.2289
7049,KRIVENIK,Krivenik,42.1144,21.2736
7053,KUK,Kuk,42.2297,21.2419
7055,LANISTE,Lanište,42.3847,20.9461
7056,LESKOVICA,Leskovica,42.2269,21.3608
7058,LJUZA,Ljuža,42.3125,21.2622
7060,NECAVCE,Neqavce,42.1711,21.3017
7061,NIKA,Nika,42.2575,21.2181
7062,NIKOVCE,Nikovce,42.2381,21.3128
7063,ORNICA,Ornica,42.1894,21.2969
7064,PALIVODENICA,Palivodenica,42.1711,21.2925
7066,PUSTENIK,Pustenik,42.1617,21.2631
7069,REKA,,42.25,21.2189
7070,REZANCE,Režance,42.1467,21.2572
7071,RUNJEVO,Runjevo,42.2447,21.2544
7072,SECISTE,Seçište,42.1328,21.2975
7073,SEMANJE,Semanje,42.2881,21.1333
7074,SLATINA,,42.2613,21.1564
7075,SOPOTNICA,Sopotnica,42.2658,21.1939
7076,STAGOVO,Stagovo,42.2756,21.2469
7078,STARIKACANIK,Stari Kaçanik,42.2992,21.2289
7079,STRAZA,Straža,42.5097,20.465
7080,STREMCE,Stremce,42.17,21.2367
7083,VRTOLINICA,,42.179,21.29
7084,VRTOLNICA,Vrtolnica,42.1797,21.2872
8000,KLINA,Klina,42.6231,20.5811
8001,BAKAJI,Bakaji,42.6664,20.6036
8002,BALINCE,Balince,42.55,20.7847
8003,BARACIC,Baracic,42.5242,20.5414
8004,BERKOVO,Berkovo,42.6739,20.5314
8005,BICA,Biça,42.6794,20.6008
8006,BOBOVAC,Bobovac,42.55,20.7219
8007,BOJAJI,Bojaji,42.6464,20.6167
8008,BOKSIC,Bokšiq,42.5803,20.5125
8009,BUDISAVCI,Budisavci,42.6664,20.4956
8010,CABIC,Çabiq,42.5961,20.7144
8011,CEROVIK,Cerovik,42.5872,20.7392
8012,CESKOVO,Çeskovo,42.56,20.5225
8014,CRNILUG,,42.51,20.76
8015,CUPEVO,Çupevo,42.56,20.5881
8016,CUPOVAC,Cupovac,42.6469,20.6322
8018,DEMOVIC,Demovic,42.6008,20.6597
8020,DOBRIDOL,Dobridol,42.6011,20.6942
8021,DOLAC,Dolac,42.5967,20.5956
8022,DOLOVO,Dolovo,42.5656,20.5611
8026,DRENOVAC,Drenovac,42.6028,20.5217
8027,DRENOVCIC,Drenovçiq,42.6692,20.5892
8028,DRSNIK,Drsnik,42.61,20.5969
8029,DUGONJIVE,Dugonjive,42.5961,20.5047
8030,DURICIC,Duricic,42.5814,20.5622
8031,DUS,Duš,42.5325,20.6014
8032,DUSEVIC,Duševiq,42.6317,20.6525
8033,EMAKU,Emaku,42.6625,20.69
8034,GOLUBOVAC,Golubovac,42.6,20.7833
8035,GORNJIPETRIC,Gornji Petriç,42.6086,20.4864
8036,GRABAC,Grabac,42.6781,20.6186
8037,GRABANICA,Grabanica,42.5869,20.5378
8038,GREBNIK,Grebnik,42.5825,20.5897
8040,IGLAREVO,Iglarevo,42.5917,20.6753
8041,JAGODA,Jagoda,42.6369,20.5342
8042,JELOVAC,Jelovac,42.6508,20.6692
8043,JOSANICA,Jošanica,42.6667,20.6472
8044,KIJEVO,Kijevo,42.5658,20.7158
8045,KLINA,,42.6199,20.5687
8046,KLINAVAC,Klinavac,42.6331,20.6036
8047,KPUZ,Kpuz,42.5442,20.5406
8048,KRIVOC,Krivoc,42.5878,20.6622
8049,KRNJICE,Krnjice,42.6511,20.6086
8050,LALICI,Lalici,42.6575,20.5975
8051,LOZICA,Lozica,42.5553,20.7633
8052,LUGADZIJA,,42.6411,20.6883
8057,MLECANE,Mleçane,42.5703,20.7547
8058,MUCUBELJ,Muçubelj,42.5975,20.7678
8059,MUSTAFICI,Mustafiqi,42.6414,20.6467
8060,NAGLAVCI,Naglavci,42.6614,20.5
8061,PALJEVO,Paljevo,42.7011,20.5903
8062,PASKALICA,Paskalica,42.6322,20.5386
8063,PLOCICE,Ploçice,42.5897,20.7625
8064,POGRADE,Pograde,42.6317,20.6244
8065,POLJCE,Poljce,42.6183,20.5614
8066,POTOCANI,Potoçani,42.6553,20.5475
8067,PRCEVO,Prçevo,42.5678,20.6331
8068,RADULOVAC,Radulovac,42.6478,20.56
8069,RASTOKA,Rastoka,42.5569,20.5606
8070,RENOVAC,Renovac,42.67,20.5597
8071,RESNIK,,42.659,20.6666
8072,RIDEVO,Ridevo,42.5833,20.6889
8073,RUDICE,Rudice,42.6808,20.4894
8074,SICEVO,Siqevo,42.6306,20.6844
8075,SKOROSNIK,Skorošnik,42.5169,20.7761
8076,STEPANICA,Stepanica,42.5786,20.7044
8077,STUP,Stup,42.6739,20.4792
8078,STUPELJ,Štupelj,42.6642,20.5956
8079,SVRHE,Svrhe,42.5444,20.6133
8080,VALEPIC,Valepic,42.5181,20.55
8083,VIDANJE,Vidanje,42.6239,20.5489
8085,VOLUJAK,Volujak,42.5461,20.585
8086,VRMNICA,Vrmnica,42.5436,20.7619
8088,NOVOSELOZAIMOVO,Novo Selo Zaimovo,42.5917,20.5592
8089,ZLOKUCANE,Zlokuqane,42.505,21.0228
8090,ZUCAJ,Zucaj,42.5878,20.5939
8091,LESKOVAC,,42.6831,20.72
9000,KOSOVOPOLJE,Kosovo Polje,42.6167,21.0667
9001,ARILJACA,Ariljaça,42.5842,21.0019
9002,BATUSE,Batuse,42.5892,21.0683
9003,BRESJE,Bresje,42.6294,21.0922
9004,DOBRIDUB,Dobri Dub,42.6417,21.0608
9005,DONJEDOBREVO,Donje Dobrevo,42.6056,21.0694
9007,ENCE,Ence,42.5906,21.0469
9008,GORNJEDOBREVO,Gornje Dobrevo,42.5997,21.09
9009,KOSOVOPOLJE,Kosovo Polje,42.6394,21.0961
9010,KUZMIN,Kuzmin,42.6269,21.0589
9011,MALASLATINA,Mala Slatina,42.6061,21.0283
9014,POMAZATIN,Pomazatin,42.6206,21.0289
9015,SVETLJE,,42.6425,21.0792
9016,UGLJARE,Ugljare,43.1122,21.1025
9017,VELIKASLATINA,Velika Slatina,42.6033,21.0206
9018,VELIKIBELACEVAC,Veliki Belaqevac,42.6347,21.0236
9019,VRAGOLIJA,Vragolija,42.6128,21.0589
10001,AJNOVCE,Ajnovce,42.6292,21.5467
10002,BAJRALIJE,Bajralije,42.68,21.7528
10004,BERIVOJCE,Berivojce,42.5694,21.5919
10005,BLATO,Blato,42.5422,21.645
10006,BOLJEVCE,Boljevce,42.6317,21.4689
10007,BOSCE,Bosce,42.6094,21.5892
10008,BOZEVCE,Boževce,42.8017,20.8244
10009,BRATILOVCE,Bratilovce,42.6403,21.5992
10010,BUJAKI,Bujaki,42.6669,21.7383
10011,BUNJUKI,Bunjuki,42.6469,21.6856
10012,BUSINCE,Bušince,42.625,21.5069
10013,BUSINJCE,Bušinjce,42.625,21.5069
10014,BUSOVATA,Busovata,42.5667,21.5297
10015,CARAKOVCE,Çarakovce,42.5644,21.6372
10016,CAREVCE,Carevce,42.6164,21.48
10018,DAJKOVCE,Dajkovce,42.5589,21.6403
10019,DAZDINCE,Daždince,42.6469,21.6203
10020,DESIVOJCE,Desivojce,42.6589,21.7392
10022,DOMOROVCE,Domorovce,42.5206,21.6453
10024,DONJASIPASNICA,Donja Šipašnica,42.5767,21.655
10028,DRENOVCE,Drenovce,42.5186,21.6006
10030,FIRICEJA,Firiqeja,42.6425,21.5667
10032,GLIBAR,Glibar,42.6239,21.5569
10033,GLOGOVCE,Glogovce,42.4853,21.5933
10034,GMINCE,Gmince,42.6825,21.5883
10035,GOGOLOVCE,Gogolovce,42.5892,21.5431
10039,GORNJEKORMINJANE,Gornje Korminjane,42.5028,21.6139
10041,GRIZIME,Grizime,42.6053,21.5764
10042,HURUGLJICU,Hurugljicu,42.6717,21.6503
10043,IGDILG,Igdilg,42.6706,21.7
10045,ISMALJAJ,Ismaljaj,42.6972,21.5561
10046,JEZERO,Jezero,42.8061,20.9039
10047,JEZERO,Jezero,42.6542,21.4833
10049,KOLOLEC,Kololeç,42.5867,21.6406
10050,KOMANI,Komani,42.6661,21.7275
10051,KOPRIVNICA,Koprivnica,42.6111,21.6272
10052,KORETIN,Koretin,42.5569,21.5931
10054,KOSTADINCE,Kostadince,42.6303,21.6111
10055,KOSUMAJ,Kosumaj,42.6919,21.5642
10056,KRAJNIDEL,Krajni Del,42.6058,21.7064
10057,KREMENATA,Kremenata,42.6783,21.5261
10059,KRILJEVO,Kriljevo,42.6775,21.4622
10061,KURTAJ,Kurtaj,42.6825,21.5544
10063,LISACKA,Lisacka,42.6628,21.6481
10064,LJAJCIC,Ljajçiq,42.6475,21.7217
10065,LJESTAR,Lještar,42.6458,21.4867
10088,MAROVCE,Marovce,42.7167,21.6833
10089,MESINA,Mešina,42.6497,21.5456
10090,MIGANOVCE,Miganovce,42.5875,21.5322
10091,MOCARE,Moçare,42.5889,21.5914
10092,MUCIVRCE,Muçivrce,42.5553,21.6572
10095,ODANOVCE,Odanovce,42.5369,21.6794
10096,ODEVCE,Odevce,42.5367,21.5667
10097,OGOSTE,Ogošte,42.6258,21.6511
10098,ORAOVICA,Oraovica,43.0111,20.7378
10101,PETROVCE,Petrovce,42.4875,21.5783
10102,PIREVA,Pireva,42.6725,21.5511
10103,POLICKA,Poliçka,42.6503,21.6831
10104,POLICKE,Poliçkë,42.6503,21.6831
10105,PRESLUP,Preslup,42.6639,21.5506
10106,RAJANOVCE,Rajanovce,42.5353,21.5406
10107,RANILUG,Ranilug,42.4936,21.6
10109,REDINCI,Redinci,42.5556,21.5525
10110,ROBOVAC,Robovac,42.5728,21.5492
10111,BUNJUKI,,42.6469,21.6856
10112,SAJA,Saja,42.6811,21.6289
10113,SAJIC,Šajiq,42.6942,21.6236
10114,SEDLARE,Sedlare,42.5025,20.9161
10115,SLIMA,Slima,42.64,21.7239
10118,STRELICA,Strelica,42.6075,21.5992
10119,STREZOVCE,Strezovce,42.2847,21.7386
10120,SVIRCE,Svirce,42.7161,21.5742
10121,TIRINCE,Tirince,42.6206,21.5314
10122,TOMANCE,Tomance,42.5019,21.5725
10123,TOPONICA,Toponica,42.5294,21.6264
10124,TRSTENA,Trstena,42.9203,20.9675
10125,TUDJEVCE,Tudjevce,42.7156,21.5325
10126,TUPACI,Tupaci,42.6531,21.4739
10127,VAGANES,Vaganeš,42.6722,21.5047
10129,VELJEGLAVA,Veljeglava,42.6431,21.7103
10130,VERCELJ,Vercelj,42.6764,21.6236
10131,VOKSJA,Voksja,42.6489,21.6669
10132,VRUCEVCE,Vruqevce,42.6394,21.6958
10133,ZAJCEVCE,Zajçevce,42.725,21.5111
10134,ZIGOLI,Žigoli,42.6508,21.7408
10135,ZUJA,Žuja,42.6861,21.6372
10136,ZUZAKU,Zuzaku,42.6792,21.6436
11000,MITROVICA,Mitrovica,42.8833,20.8667
11001,BAJGORA,Bajgora,42.9561,21.0053
11002,BARE,,42.9587,20.9747
11003,BATAIRE,Bataire,42.9972,20.8756
11004,BRABONJIC,Brabonjiq,42.8442,20.7942
11005,DEDINJE,Dedinje,42.9925,20.9033
11006,DOLJANCI,Doljanci,43.0131,20.9367
11007,RASANE,Rašane,42.9042,20.9422
11009,DONJEZABARE,Donje Žabare,42.8714,20.8411
11010,DONJISUVIDO,Donji Suvi Do,42.8872,20.8497
11011,GORNJEZABARE,Gornje Žabare,42.8639,20.8317
11012,GRADEVAC,Gradevac,42.8475,20.7889
11013,GRADEVCI,Gradevci,42.8272,20.8147
11014,GUSAVAC,Gušavac,42.8839,20.8244
11016,KACANDOL,Kaçandol,43.0,21.0539
11017,KOLONIJA,Kolonija,42.9228,20.8989
11018,KOPRIVA,Kopriva,42.8542,20.7919
11019,KOSOVSKAMITROVICA,Kosovska Mitrovica,42.8833,20.8667
11020,KOSUTOVO,Košutovo,42.8744,20.7861
11021,KOVACICA,Kovaçica,42.9469,21.0381
11022,KUTLOVAC,Kutlovac,42.9161,20.9169
11023,LISICA,Lisica,42.9061,20.885
11024,LJUSTA,Ljušta,42.8525,20.8292
11025,MADJERA,Madjera,42.9667,20.9125
11026,MALOKICICE,Malo Kiçiqe,42.8728,20.9022
11027,MAZIC,Mažiq,42.9297,20.9433
11028,MELJENICA,Meljenica,42.9519,20.9236
11029,ORAHOVO,Orahovo,42.9333,19.9333
11030,OVCARE,Ovçare,43.0142,20.9069
11031,PIRCE,Pirçe,42.8342,20.8697
11032,PRVITUNEL,Prvi Tunel,42.9211,20.885
11033,REKA,,42.9039,20.9008
11034,ROSULJE,Rosulje,42.6006,20.4422
11035,RZANA,Ržana,43.0578,21.0017
11036,SELJANCE,Seljance,43.0008,20.9481
11037,SENJAK,Senjak,42.8564,20.8603
11038,SIPOLJE,Šipolje,42.8644,20.8436
11039,STARITRG,Stari Trg,42.9319,20.9128
11040,STRANA,Strana,42.9144,20.9222
11041,STRANA,Strana,42.9144,20.9222
11042,SUPKOVAC,Šupkovac,42.8861,20.8858
11043,SVINJARE,Svinjare,42.8511,20.8897
11044,TREPCA,Trepça,42.9383,20.9219
11045,TREPCANI,Trepcani,42.9417,20.9397
11046,TRSTENA,Trstena,42.9203,20.9675
11047,VAGANICA,Vaganica,42.8458,20.855
11048,VELIKIKICIC,Veliki Kiçiq,42.8642,20.9253
11049,VIDOMIRIC,Vidomiriq,42.895,20.8097
11050,VIDUSIC,Vidušiq,42.9586,20.9494
11051,VLAHINJE,Vlahinje,42.9686,20.8739
11052,VRBA,Vrba,43.1669,20.6631
11053,VRBNICA,Vrbnica,42.1581,20.5636
11054,ZABRDE,Zabrde,42.9911,20.9283
11055,ZASELA,Zasela,42.8947,20.905
11056,ZIJACA,Zijaça,42.9658,20.895
12000,LEPOSAVIC,Leposaviq,43.1039,20.8028
12002,BARE,Bare,42.9617,20.9764
12003,BEGLUK,Begluk,43.0589,20.8297
12005,BELUCE,Beluqe,43.1769,20.7233
12007,BERBERISTE,Berberište,43.1286,20.6867
12008,BISTRICA,Bistrica,43.0106,20.8658
12009,BORCANE,Borçane,43.0744,20.9172
12010,BOROVA,Borova,43.1628,20.7319
12011,BREKINJA,Brekinja,43.0472,20.7317
12012,BRZANCE,Brzance,43.0586,20.9386
12013,CERANJA,Ceranja,43.0267,20.8539
12015,CIRKOVICE,Çirkoviqe,43.2411,20.7319
12018,CRNATOVO,Crnatovo,43.2058,20.8072
12019,CRVENI,Crveni,43.0453,20.7281
12020,DESETAK,Desetak,43.0947,20.7644
12021,DOBRAVA,Dobrava,43.0775,20.8258
12022,DOLAC,Dolac,42.5967,20.5956
12026,DREN,Dren,42.8556,20.645
12027,DRENOVA,Drenova,43.1447,20.7253
12028,GNJEZDANE,Gnježdane,43.0939,20.7103
12032,GRADISTE,Gradište,43.2172,20.8417
12033,GRANICANE,Graniçane,43.1211,20.8672
12034,GREBNA,Grebna,43.0717,20.7308
12035,GRKAJE,Grkaje,43.0567,20.7636
12036,GULIJE,Gulije,43.1481,20.7189
12037,GUVNISTE,Guvnište,43.2311,20.7872
12039,IVANICA,Ivanica,43.0564,20.7831
12040,JELAKCE,Jelakce,43.1361,20.9025
12042,JEZERINE,Jezerine,43.1492,20.7392
12043,JOSANICA,Jošanica,42.6667,20.6472
12044,KAJKOVO,Kajkovo,43.1333,20.7964
12045,KALJIN,Kaljin,43.1681,20.6739
12046,KAMEN,Kamen,43.1836,20.7292
12047,KAMENICA,Kamenica,43.1983,20.6642
12048,KAMENI,Kameni,43.1836,20.7292
12049,KIJEVCICE,Kijevçiqe,43.1189,20.8414
12050,KOPORICE,Koporiqe,43.1417,20.8653
12052,KOSUTICA,Košutica,43.2111,20.69
12053,KOSUTOVO,Košutovo,43.0086,20.8436
12054,KRS,Krš,43.1442,20.8547
12056,KRUSCICA,Krušcica,42.9675,20.0697
12057,KRUSEVLJE,Kruševlje,43.0628,20.8139
12058,KRUSEVO,Kruševo,43.0939,20.7767
12059,KUKAVICA,Kukavica,43.0536,20.7208
12060,KURELJE,Kurelje,43.2089,20.7808
12061,KUTNJE,Kutnje,43.0917,20.7975
12062,LEPOSAVIC,Leposaviq,43.1039,20.8028
12063,LESAK,Lešak,43.1672,20.7472
12064,LESKOVA,Leskova,43.2136,20.83
12065,LOZNO,Lozno,43.1092,20.8853
12066,LUKARE,Lukare,43.1028,20.9047
12067,MAJDEVO,Majdevo,43.14,20.8308
12068,MALA,Mala,43.0664,20.8325
12069,MANASE,Manase,43.1839,20.6386
12071,MEKINICE,Mekiniqe,43.1528,20.7833
12072,MIOKOVICE,Miokoviqe,43.1961,20.8322
12073,MIOLICE,Mioliqe,43.1669,20.7864
12074,MODROMIR,Modromir,43.16,20.8606
12075,MOSNICA,Mošnica,43.0844,20.8503
12076,MUTIVODE,Mutivode,43.0967,20.8464
12077,NEGOMIRAC,Negomirac,43.1075,20.8567
12078,OBADI,Obadi,43.2086,20.7928
12079,OSTRACE,Ostraqe,43.1972,20.7528
12081,PLAKAONICA,Plakaonica,43.0744,20.7108
12082,PLANINICA,Planinica,43.2197,20.8647
12083,POPOVCE,Popovce,42.2619,21.0317
12084,POSTENJE,Postenje,43.185,20.685
12085,POTKOMLJE,Potkomlje,43.1617,20.7142
12087,PRIDVORICA,Pridvorica,42.9208,20.6897
12088,PRISOJE,Prisoje,43.0714,20.8139
12089,RIKOVO,Rikovo,43.1786,20.6292
12090,RODELJ,Rodelj,43.1547,20.8153
12091,RUCMANCE,Rucmance,43.0647,20.9119
12092,RVATSKA,Rvatska,43.1792,20.6872
12094,SANAC,Šanac,43.0675,20.7886
12096,SEOCE,Seoce,43.0256,20.7981
12097,SIMICISTE,Simiçište,43.1911,20.7786
12098,SLATINA,Slatina,42.2642,21.1611
12099,SOCANICA,Soçanica,43.0631,20.8325
12101,TREBICE,Trebiqe,43.2006,20.6156
12102,TRIKOSE,Trikose,43.0964,20.8314
12104,ULIJE,Ulije,43.1061,20.8136
12105,VERBA,Verba,43.1669,20.6631
12106,VITANOVICE,Vitanoviqe,43.1811,20.7897
12107,VRACEVO,Vraçevo,43.1783,20.6622
12108,VRLETNICA,Vrletnica,43.0747,20.7489
12109,VRUJICE,Vrujice,43.1903,20.7622
12110,VUCA,Vuça,42.92,20.2775
12112,ZASELJE,Zaselje,43.1517,20.7617
12113,ZAVADA,Zavada,43.1703,20.6533
12114,ZAVRATA,Zavrata,43.1319,20.8739
12115,ZEMANICA,Zemanica,43.1867,20.8178
12116,ZRNOSEK,Zrnosek,43.1686,20.8258
13000,LIPJAN,Lipjan,42.5217,21.1258
13001,ANDROVAC,Androvac,42.6,21.3
13002,BANDULIC,Banduliq,42.5164,21.1533
13003,BANJICA,,42.5168,20.9064
13004,BRUS,Brus,42.5856,21.3253
13005,BUJANCE,Bujance,42.4831,21.0775
13006,BUKOVICA,Bukovica,42.9422,20.2186
13007,CELOPEK,Çelopek,42.5058,21.1808
13008,CRNIBREG,Crni Breg,42.475,21.0558
13009,CUCULJAGA,Çuçuljaga,42.5339,21.0239
13010,DIVLJAKA,Divljaka,42.5072,20.8731
13011,DOBROTIN,Dobrotin,42.53,21.1836
13012,DONJAKONJUSA,,42.54,21.19
13013,DONJEGADIMLJE,Donje Gadimlje,42.4758,21.2064
13014,GLANICA,Glanica,42.5492,21.0628
13015,GLAVICA,Glavica,42.4894,21.1992
13016,GLOGOVCE,,42.5056,21.14
13019,GORNJEGADIMLJE,Gornje Gadimlje,42.4903,21.2261
13020,GUVNOSELO,Guvno Selo,42.5019,21.1631
13021,JANJEVO,Janjevo,42.5739,21.2489
13022,KLECKA,Kleçka,42.4928,20.8608
13023,KONJSKO,Konjsko,42.4858,21.1394
13024,KONJUH,Konjuh,42.5397,21.14
13025,KRAJISTE,Krajište,42.4939,21.0478
13026,KRAJMIROVCE,Krajmirovce,42.4831,20.9328
13028,LEPINA,Lepina,42.5686,21.0711
13029,LIPLJAN,Lipljan,42.5217,21.1258
13030,LIPOVICA,,42.4989,20.9875
13031,LIVADJE,Livadje,43.3167,20.9167
13032,LUG,,42.5542,21.0563
13033,LUGADZIJA,Lugadžija,42.4886,21.1731
13034,MAGURA,Magura,42.5392,21.0117
13036,MALIALAS,Mali Alaš,42.5217,21.0992
13038,MALORIBARE,Malo Ribare,42.5153,21.065
13039,MAREVCE,,42.4944,21.2032
13040,MEDVECE,Medvece,42.5517,21.0064
13042,MIRENA,Mirena,42.5592,20.9653
13043,MUHADZERBABUS,Muhadžer Babuš,42.4672,21.1836
13044,NOVORUJCE,Novo Rujce,42.5236,21.08
13045,OKLAP,Oklap,42.5433,21.2333
13046,OKOSNICA,Okosnica,42.6067,21.2531
13047,PESTER,Pešter,42.6011,21.3064
13048,PLITKOVIC,Plitkoviq,42.4947,21.2867
13051,POTUROVCE,Poturovce,42.5283,21.0428
13052,RABOVCE,Rabovce,42.4697,21.1447
13053,RADEVO,Radevo,42.5731,21.0547
13054,RUSINOVCE,Rusinovce,42.5214,20.9358
13055,SEDLARE,,42.505,20.9122
13058,SLOVINJE,Slovinje,42.5225,21.22
13059,SMOLUSA,Smoluša,42.5111,21.2094
13062,SUVIDO,Suvi Do,42.5467,21.1058
13063,TECA,Teqa,42.5711,21.2367
13064,TOPLICANE,Topliçane,42.4858,21.1167
13065,TORINA,Torina,42.5283,21.0581
13066,TRBOVCE,Trbovce,42.5333,21.3
13067,VARIGOVCE,Varigovce,42.4819,21.0214
13068,VELIKADOBRANJA,,42.5843,21.0468
13070,VELIKORIBARE,Veliko Ribare,42.5092,21.0411
13072,VRELO,Vrelo,42.5692,21.0133
13073,VRSEVCE,Vrševce,42.3872,20.9142
13074,ZLOKUCANE,Zlokuqane,42.505,21.0228
14000,NOVOBRDO,Novo Brdo,42.6178,21.4197
14001,BOSTANE,Bostane,42.6014,21.4261
14003,CERANOVICA,Çeranovica,42.5831,21.4572
14005,DOLINA,Dolina,42.9053,20.1469
14006,DORGOVCI,Dorgovci,42.5733,21.3592
14007,DRAGIDELE,Dragidele,42.5781,21.3589
14008,IZVOR,Izvor,42.2,21.5833
14009,JASENOVIK,Jasenovik,42.6022,21.4597
14010,KLOBUKAR,Klobukar,42.5794,21.4722
14011,KOSMATANCI,Kosmatanci,42.5906,21.4925
14012,LABLJANE,Labljane,42.5678,21.3439
14014,MALENOVCI,Malenovci,42.5769,21.3897
14016,MANISINCE,Manišince,42.5683,21.4103
14017,MANUTARI,Manutari,42.5492,21.4039
14018,MIRKOVCI,Mirkovci,42.605,21.3914
14019,MUHADZERI,Muhadžeri,42.4792,21.3944
14021,PLAVICA,Plavica,42.6075,21.4397
14022,PREKOVCE,Prekovce,42.5667,21.4
14023,SORACAK,Soraçak,42.5936,21.3786
14024,SUMACI,Šumaci,42.5922,21.4511
14025,TERINCANI,Terinçani,42.5661,21.3889
14026,TRNICEVCE,Trniqevce,42.5853,21.4261
14027,VLASE,Vlase,42.6197,21.3967
14028,ZABELJCE,Zabeljce,42.5856,21.3958
14029,ZEBINCE,Zebince,42.5606,21.4103
15000,OBILIC,,42.6745,21.08
15001,ADE,Ade,42.6658,21.0294
15003,BAKSIJA,Bakšija,42.7233,21.1056
15004,BREZNICA,Breznica,42.5333,21.7167
15005,CRKVENAVODICA,Crkvena Vodica,42.6733,21.0539
15007,GORNJIGRABOVAC,Gornji Grabovac,42.65,21.0
15008,HAMIDIJA,Hamidija,42.7061,21.0267
15011,KOZARICA,Kozarica,42.7925,21.1142
15012,KRUSEVAC,,42.65,21.0833
15013,LAZAREVO,Lazarevo,42.7106,21.1031
15014,LESKOVCIC,Leskovçiq,42.6781,21.01
15015,LUMNICA,Lumnica,42.7819,21.1261
15016,MAZGIT,Mazgit,42.6903,21.0889
15017,MILOSEVO,Miloševo,42.725,21.0808
15018,OBILIC,,42.675,21.0833
15019,PLEMETINA,Plemetina,42.7075,21.0458
15020,RASKOVO,Raskovo,42.7292,21.0931
15021,SIBOVAC,Sibovac,42.6889,21.0106
15022,SIPITULA,Šipitula,42.6683,21.0031
16000,ORAHOVAC,,42.4,20.6458
16001,ORAHOVAC,,42.4,20.6458
16002,BELACRKVA,Bela Crkva,42.3567,20.5956
16003,BRATOTIN,Bratotin,42.4244,20.58
16004,BRESTOVAC,Brestovac,42.3594,20.6642
16005,BRNJACA,Brnjaça,42.3667,20.6167
16006,BUBLJE,Bublje,42.5236,20.6522
16007,CELINA,Celina,42.3383,20.6283
16008,CIFLAK,Çiflak,42.4608,20.5239
16009,CRNOVRANA,Crnovrana,42.4775,20.6886
16010,DANJANE,Danjane,42.4275,20.5356
16012,DOMANEK,Domanek,42.5217,20.6756
16013,DONJEPOTOCANE,Donje Potoçane,42.3908,20.605
16015,DRAGOBILJE,Dragobilje,42.4569,20.7267
16016,DRENOVAC,,42.4243,20.5997
16017,ORAHOVAC,,42.4,20.6458
16018,GAJRAK,Gajrak,42.4603,20.7522
16021,GORIC,Goriq,42.4322,20.7542
16023,JANCISTE,,42.42,20.68
16024,JOVIC,Joviq,42.4714,20.7039
16025,KOZNIK,Koznik,42.4731,20.5939
16026,KRAMOVIK,Kramovik,42.4819,20.5228
16027,LABUCEVO,Labuçevo,42.5047,20.5844
16028,LJUBIZDA,Ljubižda,42.2392,20.7672
16029,MADJARE,Madjare,42.3653,21.6019
16030,MALAHOCA,Mala Hoça,42.3511,20.66
16031,MALISEVO,,42.4792,20.7375
16032,MILANOVIC,Milanoviq,42.4217,20.7128
16033,MINOL,Minol,42.4883,20.7406
16034,MIRUSA,Miruša,42.4975,20.7139
16035,MORALIJA,Moralija,42.4494,20.7303
16036,MRASOR,Mrasor,42.5131,20.5536
16037,NASPALE,Našpale,42.4114,20.6006
16038,NOGAVAC,Nogavac,42.3381,20.6422
16039,OPTERUSA,Opteruša,42.3717,20.7156
16040,ORAHOVAC,,42.4,20.6458
16041,OSTROZUB,Ostrozub,42.4483,20.7
16042,PAGARUSA,,42.41,20.72
16043,PETKOVIC,Petkoviq,42.4717,20.5578
16044,POLUZA,Poluža,42.45,20.5611
16045,PONORAC,Ponorac,42.5033,20.6222
16046,POTOK,Potok,42.4661,20.5997
16047,PUSTOSELO,Pusto Selo,42.4519,20.5917
16048,RADOSTE,Radoste,42.3869,20.5372
16049,RATKOVAC,Ratkovac,42.4094,20.5397
16051,RETIMLJE,Retimlje,42.3525,20.7019
16052,RUDN,Rudn,42.5067,20.6111
16053,SANOVAC,Sanovac,42.4475,20.5983
16054,SOPNIC,Sopniq,42.3831,20.5847
16055,TURJAK,,42.51,20.6666
16056,VELIKAHOCA,Velika Hoça,42.3842,20.6775
16057,VELIKAKRUSA,Velika Kruša,42.3181,20.6361
16058,VESELJOVIC,Veseljovic,42.4736,20.7383
16059,VRANJAK,Vranjak,42.4156,20.5739
16060,ZATRIC,Zatriq,42.4578,20.6256
16061,ZOCISTE,Zoçište,42.3753,20.7022
16062,ZRZE,,42.3447,20.56
17000,PEC,,42.659,20.2708
17002,BABICE,Babiqe,42.6219,20.4167
17003,BARANE,Barane,42.5753,20.4186
17005,BJELOPAC,Bjelopaç,42.7158,20.2333
17006,BLAGAJE,Blagaje,42.6678,20.36
17007,BREG,,42.74,20.04
17011,BRESTOVIK,Brestovik,42.7019,20.3044
17012,BREZANIK,Brežanik,42.6428,20.3356
17013,BROLIC,Broliq,42.5553,20.3586
17014,BUCANE,Buçane,42.5581,20.4528
17015,BURNUT,Burnut,42.7292,20.2997
17016,CELOPEK,,42.5781,20.4313
17018,CUSKA,Çuška,42.6572,20.3389
17019,DEINIKAJ,Deinikaj,42.6917,20.0747
17020,DOBELJAS,Dobeljaš,42.6439,20.4169
17022,DRELJE,Drelje,42.7094,20.1214
17023,DUBOCAK,,42.6,20.35
17024,DUBOVO,Dubovo,42.7139,20.3669
17025,DUGANJIVE,Duganjive,42.5961,20.5047
17026,GLAVICICA,Glaviçica,42.6389,20.4244
17027,GLLOGJAN,Gllogjan,42.5072,20.3628
17028,GORAZDEVAC,Goraždevac,42.6406,20.3697
17030,GRABOVAC,,42.6337,20.333
17031,GUNISTA,Guništa,42.7253,20.0967
17032,HADZOVICI,Hadžoviqi,42.7083,20.0578
17033,PEC,,42.659,20.2708
17034,HOKAJ,,42.725,20.14
17035,JABLANICA,,42.605,20.47
17036,JOSANICA,Jošanica,42.6667,20.6472
17037,KAMENICA,Kamenica,42.5683,20.4308
17038,KLINCINA,Klinçina,42.6228,20.46
17039,KOSURIC,Kosuriq,42.5697,20.465
17040,KOSUTANE,Košutane,42.7431,20.1017
17041,KOTRADIC,Kotradiq,42.5614,20.4014
17042,KRSTOVAC,Krstovac,42.6225,20.4369
17043,KRUSEVAC,Kruševac,42.6689,21.0825
17044,KUCISTE,Kuqište,42.6794,20.4722
17046,LABLJANE,,42.6536,20.3812
17048,LIPA,Lipa,42.92,20.8608
17049,LJESANE,Lješane,42.63,20.4464
17050,LJEVOSA,Ljevoša,42.6683,20.2583
17051,LJUBENIC,Ljubeniq,42.5969,20.2922
17052,LJUDE,Ljude,42.7358,20.1103
17053,LJUIJAJ,Ljuijaj,42.7128,20.0389
17054,LJUTOGLAVA,Ljutoglava,42.6622,20.4189
17055,LODA,Loda,42.6319,20.3261
17056,LOZANE,Lozane,42.6208,20.3619
17057,LUGADIJA,Lugadija,42.6328,20.4414
17058,LUTOVO,Lutovo,42.7314,20.1339
17064,MALAJABLANICA,Mala Jablanica,42.7525,20.3364
17066,MALJEVICE,,42.7,20.12
17067,MICINAT,Micinat,42.6828,20.0875
17069,MILOVANAC,Milovanac,42.6208,20.4019
17070,NABRDE,Nabrde,42.6739,20.3919
17071,NAKLO,Naklo,42.6664,20.3814
17072,NEPOLJE,Nepolje,42.5531,20.5114
17074,NOVOSELO,Novo Selo,42.7242,20.3283
17075,OZRIM,Ozrim,42.7094,20.6347
17077,PEC,,42.659,20.2708
17079,PISTANE,Pištane,42.6144,20.4206
17080,PLAVLJANE,Plavljane,42.6567,20.3578
17081,POCESCE,Poçešqe,42.6333,20.3914
17082,RADAVAC,Radavac,42.7411,20.3236
17083,RASIC,Rašiq,42.5739,20.3769
17084,RAUSIC,Raušiq,42.6158,20.3131
17085,RECAJ,Recaj,42.7344,20.1661
17086,ROMUNE,Romune,42.6422,20.4042
17087,ROSULJE,,42.6051,20.425
17088,RUHOT,Ruhot,42.6794,20.4306
17089,SIGA,Siga,42.7097,20.3056
17090,SKRELJE,Škrelje,42.7361,20.0889
17092,SVRKE,Svrke,42.6469,20.4672
17093,TAMNIK,Tamnik,42.5758,20.475
17094,TREBOVIC,Treboviq,42.6767,20.345
17095,TRSTENIK,Trstenik,42.3464,21.2547
17096,TURJAK,,42.5883,20.3958
17098,VELIKISTUPELJ,,42.69,20.15
17099,VITOMIRICA,Vitomirica,42.7014,20.3481
17100,VRAGOVAC,Vragovac,42.6292,20.4128
17101,VRANOVAC,Vranovac,42.5614,20.4181
17102,ZAFRA,Zafra,42.6506,20.2797
17103,ZAGRMLJE,Zagrmlje,42.6197,20.2828
17104,ZAHAC,Zahaq,42.6536,20.3853
17105,ZLOPEK,Zlopek,42.6058,20.3436
18000,PODVJEVO,,42.9138,21.2032
18001,ALABAK,Alabak,42.7944,21.2208
18002,BAJCINA,Bajçina,42.9511,21.1569
18003,BALOVAC,Balovac,42.8983,21.2461
18004,BARAINA,Baraina,42.8322,21.3006
18005,BAROVCE,Barovce,42.9186,21.2333
18006,BATLAVA,Batlava,42.8364,21.245
18008,BELASICA,Belasica,43.1253,21.0064
18009,BELOPOLJE,Belo Polje,42.8117,21.2003
18010,BLATO,Blato,42.5422,21.645
18011,BRADAS,Bradaš,42.9403,21.1381
18012,BRAINA,Braina,42.7928,21.385
18013,BRECE,Brece,43.0686,21.0819
18015,BURINCE,,42.853,21.1564
18016,DOBRIDO,Dobri Do,42.9669,21.1633
18017,DOBROTIN,,42.9618,21.12
18018,DONJADUBNICA,Donja Dubnica,42.9519,21.2097
18020,DONJAPAKASTICA,Donja Pakaštica,42.9892,21.1281
18022,DONJELJUPCE,Donje Ljupçe,42.7975,21.1544
18024,DRAZNJA,Dražnja,42.8528,21.3128
18025,DUMOS,Dumoš,42.8547,21.2172
18026,DUZ,Duz,42.8033,21.2475
18027,DVORISTE,Dvorište,43.0703,21.1236
18028,GLAVNIK,Glavnik,42.8697,21.1744
18029,GODISNJAK,Godišnjak,42.8336,21.1575
18037,GRDOVAC,Grdovac,42.8219,21.2192
18038,HRTICA,Hrtica,42.8689,21.2867
18039,KACIBEG,Kaçibeg,42.8347,21.2058
18040,KALJATICA,Kaljatica,42.8186,21.3903
18042,KODRALIJA,Kodralija,42.8958,21.1036
18043,KOKOROVICA,Kokorovica,43.0803,21.1058
18044,KONJUSEVAC,Konjuševac,42.8542,21.1694
18045,KRPIMEJ,Krpimej,42.9933,21.1558
18046,KRUSEVICA,Kruševica,42.7961,21.3633
18047,LADOVAC,Ladovac,42.8839,21.2489
18048,LAUSA,Lauša,42.735,20.7781
18049,LEPAJA,Lepaja,42.9478,21.1317
18050,LESNICA,Lešnica,42.8567,21.1175
18051,LETANCE,Letance,42.9311,21.1867
18052,LIVADICA,Livadica,42.9239,21.2267
18053,LUG,Lug,42.8236,21.1875
18054,LUZANE,Lužane,42.8219,21.1686
18055,MAJANCE,Majance,42.809,21.1406
18056,MARINCE,Marince,43.1147,21.0333
18057,MAZAP,Mazap,42.8536,21.3683
18058,MEDREGOVAC,Medregovac,42.8478,21.3978
18059,MERCEZ,Merqez,42.9022,21.2022
18060,MERDARE,Merdare,42.9333,21.2333
18061,METOHIJA,Metohija,43.0139,21.1483
18062,MIROVAC,Mirovac,42.9153,21.2589
18063,MURGULA,Murgula,43.0811,21.0475
18064,OBRANDZA,Obrandža,42.9139,21.1706
18065,ORLANE,Orlane,42.8181,21.3494
18066,PALATNA,Palatna,43.0561,21.1136
18067,PARDUS,Pardus,43.0228,21.0889
18068,PENDUHA,Penduha,42.8428,21.1517
18069,PERANE,Perane,42.9281,21.1658
18071,PODUJEVO,,42.9138,21.2032
18072,POILA,Poila,43.0342,21.1111
18073,POPOVO,Popovo,42.8694,21.0956
18074,POTOK,Potok,42.4661,20.5997
18075,PREPOLAC,Prepolac,43.0075,21.2314
18077,RAKINICA,Rakinica,42.8619,21.3514
18078,RECICA,Reçica,42.1833,21.7
18079,REPA,Repa,43.0219,21.1372
18080,REVUCE,Revuqe,42.9853,21.1206
18081,SAJKOVAC,,42.8539,21.2562
18082,SAKOVICA,Šakovica,42.8131,21.17
18083,SAMALUK,Šamaluk,42.8964,21.27
18084,SEGAS,Segaš,42.9139,21.0781
18085,SEKIRACA,Sekiraça,42.8767,21.1897
18086,SILJEVICA,Siljevica,43.0383,21.0811
18087,SLATINA,,43.01,21.12
18089,STEDIM,Štedim,42.9069,21.2183
18090,SURDULA,Surdula,42.8494,21.2881
18091,SURKIS,Surkiš,42.8897,21.2047
18092,SVETLJE,Svetlje,42.6425,21.0792
18094,TRNAVA,,42.79,21.22
18095,TRNAVICA,Trnavica,43.0864,21.0647
18097,TURUCICA,Turuçica,42.8603,21.3314
18098,UGLJARE,Ugljare,42.4258,21.5242
18099,VELIKAREKA,Velika Reka,42.9175,21.1231
18100,ZAKUT,Zakut,42.9844,21.1472
18101,ZITINJE,,43.0598,21.0625
19000,PRISTINA,Priština,42.6667,21.1667
19001,AJKOBILA,Ajkobila,42.7333,21.4783
19002,AJVALIJA,Ajvalija,42.6181,21.1808
19003,BADOVAC,Badovac,42.6097,21.2225
19004,BALABAN,Balaban,42.7922,21.3219
19005,BARILJEVO,Bariljevo,42.7533,21.1111
19007,BESINJE,Besinje,42.7536,21.1481
19009,BUSINJE,Businje,42.6411,21.3097
19010,BUTOVAC,Butovac,42.6883,21.2239
19011,BUTOVAC,Butovac,42.6883,21.2239
19012,CAGLAVICA,Çaglavica,42.62,21.1469
19013,DABISEVAC,Dabiševac,42.7386,21.4458
19014,DEVETJUGOVICA,Devet Jugoviqa,42.7219,21.1361
19015,DONJABRNJICA,Donja Brnjica,42.7061,21.1347
19017,DRAGOVAC,Dragovac,43.0117,21.7167
19018,DRENOVAC,,42.7371,21.1248
19019,GLOGOVICA,Glogovica,42.7167,21.45
19021,GORNJABRNJICA,Gornja Brnjica,42.72,21.1733
19023,GRACANICA,Graçanica,42.6011,21.1958
19024,GRASTICA,Graštica,42.6989,21.2675
19025,GRBES,Grbeš,42.6433,21.3761
19028,KACIKOL,Kaçikol,42.74,21.3297
19030,KOJLOVICA,Kojlovica,42.6864,21.2
19031,KOLIC,Koliq,42.7733,21.2861
19032,KUKAVICA,Kukavica,43.0536,20.7208
19033,LAPLJESELO,Laplje Selo,42.5967,21.1408
19034,LEBANE,Lebane,42.7417,21.1431
19035,LUKARE,,42.6986,21.2032
19043,MAKOVAC,Makovac,42.7044,21.2269
19045,MAREVCE,,42.663,21.425
19046,MATICANE,Matiçane,42.6453,21.1933
19048,MILINCI,Milinci,42.6069,21.3408
19049,MILJENAC,Miljenac,42.7211,21.1525
19051,MRAMOR,Mramor,42.6533,21.2897
19053,NISEVCE,Niševce,42.7694,21.3533
19056,ORLOVIC,Orloviq,42.6725,21.1242
19057,PASOVICMAHALA,Pasoviq Mahala,42.6703,21.4039
19059,PREOCE,Preoce,42.5983,21.1214
19060,PRISTINA,Priština,42.6667,21.1667
19061,PROPASTICA,Propaštica,42.7258,21.3833
19062,PRUGOVAC,Prugovac,42.7567,21.1397
19063,RADOSEVAC,Radoševac,42.7175,21.2408
19064,RAJNOVAC,Rajnovac,42.6131,21.3347
19066,RIMANISTE,Rimanište,42.7672,21.1983
19067,SARBAN,Šarban,42.7539,21.2192
19068,SASKOVAC,Šaškovac,42.5867,21.2294
19069,SICEVO,Siqevo,42.7361,21.2183
19071,SLIVOVO,Slivovo,42.4164,21.1039
19073,SOFALIJA,Sofalija,42.6669,21.2025
19075,SUSICA,,42.5754,21.2189
19076,SUTESKA,Suteska,42.6478,21.2706
19078,TRUDNA,Trudna,42.7308,21.145
19079,VAKOVCE,Vakovce,42.645,21.4114
19081,VIDACI,Vidaci,42.6175,21.3425
19082,VRANIDO,Vrani Do,42.7669,21.1528
19083,VRELO,Vrelo,42.6669,21.4069
19084,ZLAS,Zlaš,42.6817,21.3381
19085,ZLATARE,,42.6441,21.2189
20000,PRIZREN,,42.2122,20.7189
20002,BELOBROD,Belobrod,42.1183,20.6819
20003,BILUSA,Biluša,42.1708,20.6731
20004,BINAJ,Binaj,42.1864,20.5489
20005,BLJAC,Bljaç,42.1269,20.7372
20006,BOGOSEVAC,Bogoševac,42.1719,20.8786
20007,BREZNA,Brezna,42.1222,20.6319
20008,BRODOSAVCE,Brodosavce,42.1111,20.7253
20009,BRUT,Brut,42.1,20.3833
20010,BUCA,Buça,42.1119,20.6339
20011,BUZEC,Buzec,42.1111,20.7033
20012,CAPARCE,Caparce,42.2856,20.7683
20013,DEDAJ,,42.28,20.55
20014,GJONAJ,Gjonaj,42.2489,20.6192
20015,DOBRUSTE,Dobrušte,42.1808,20.5906
20016,DOJNICE,Dojnice,42.2214,20.8019
20019,DRAJCICI,Drajçiqi,42.1611,20.8736
20020,DUSANOVO,Dušanovo,42.2308,20.7142
20024,GOROZUP,Gorožup,42.1767,20.5469
20025,GRAZDANIK,Graždanik,42.2153,20.6622
20026,GRNCARE,Grnçare,42.2189,20.7722
20027,HOCAZAGRADSKA,Hoça Zagradska,42.1775,20.6911
20028,JABLINICA,,42.16,20.77
20029,JESKOVO,Ješkovo,42.1619,20.7028
20030,KABAS,Kabaš,42.25,20.8167
20032,KAPRA,Kapra,42.105,20.6886
20033,KARASINDERD,Karašinderd,42.2642,20.6086
20034,KOBANJA,Kobanja,42.2167,20.6408
20035,KOJUS,Kojuš,42.2272,20.6106
20036,KORISA,Koriša,42.2586,20.7969
20037,KOSOVCE,Kosovce,42.0936,20.6981
20038,KRAJK,Krajk,42.2822,20.6608
20039,KUKLIBEG,Kuklibeg,42.1064,20.7219
20040,KUKOVCE,Kukovce,42.1008,20.7139
20041,KUSNIN,Kušnin,42.2756,20.5375
20042,KUSTENDIL,Kuštendil,42.1664,20.7528
20043,LANDOVICA,Landovica,42.2661,20.6844
20044,LESKOVEC,,42.1753,20.6561
20045,LEZ,Lez,42.1517,20.7536
20046,LJUBICEVO,Ljubiçevo,42.1556,20.7339
20047,LJUBIZDA,,42.2396,20.7625
20050,LJUKINAJ,Ljukinaj,42.2942,20.6153
20051,LJUTOGLAV,Ljutoglav,42.2758,20.7864
20052,LOKVICA,Lokvica,42.1717,20.7994
20053,MALAKRUSA,Mala Kruša,42.3078,20.6511
20054,MAMUSA,Mamuša,42.3308,20.7269
20055,MANASTIRICA,Manastirica,42.1325,20.8047
20056,MANREC,Manrec,42.2456,20.6725
20057,MARTINAJ,Martinaj,42.175,20.5425
20058,MAZREK,,42.2336,20.6041
20059,MEDVECE,Medvece,42.5517,21.0064
20061,MILJAJ,Miljaj,42.1989,20.5608
20062,MURADEM,Muradem,42.1989,20.6425
20063,MUSNIKOVO,Mušnikovo,42.1742,20.8933
20064,MUZLJAK,Mužljak,42.2675,20.8311
20065,NASEC,Našec,42.2406,20.6525
20066,NEBREGOSTE,Nebregošte,42.1531,20.8256
20067,NOVASUMADIJA,Nova Šumadija,42.2842,20.7947
20068,NOVAKE,,42.29,20.74
20069,NOVOSELO,Novo Selo,42.2092,20.7789
20070,PEJCICI,Pejçiqi,42.1769,20.8517
20072,PIRANE,Pirane,42.2925,20.6725
20073,PLAJNIK(PIRANE),,42.29,20.68
20074,PLANEJA,Planeja,42.2133,20.58
20075,PLANJANE,Planjane,42.1783,20.84
20076,PLAVA,Plava,42.0956,20.6464
20077,POSLISTE,Poslište,42.1789,20.6714
20078,POUSKO,Pousko,42.1939,20.7553
20079,PRIZREN,,42.2122,20.7189
20080,RANDUBRAVA,Randubrava,42.3194,20.6708
20081,RECANE,Reçane,42.1742,20.8175
20082,RENCE,Rence,42.0894,20.6614
20083,ROMAJA,Romaja,42.2914,20.5925
20084,SAINOVAC,Šainovac,43.1867,21.805
20086,SKOROBISTE,Skorobište,42.23,20.8106
20087,SKOZA,Škoza,42.1633,20.5903
20088,SMAC,Smaq,42.3011,20.7225
20089,SPINADIJA,Špinadija,42.2725,20.76
20090,SREDSKA,Sredska,42.1742,20.8575
20091,STAJK,Stajk,42.1892,20.5708
20092,STAJKOVCE,Stajkovce,42.1686,20.8453
20093,STRUZJE,Stružje,42.145,20.7942
20094,TEJEC,Tejec,42.1822,20.5528
20095,TREPETNICA,Trepetnica,42.2717,20.7306
20096,TUPEC,Tupec,42.255,20.6661
20097,VELEZA,Veleža,42.2808,20.7378
20098,VLASNJA,Vlašnja,42.2036,20.6631
20099,VRBICANE,Vrbiçane,42.2067,20.7911
20100,VRBNICA,,42.1592,20.55
20101,VRELO,Vrelo,42.2672,20.8006
20102,ZAPLUZJE,Zaplužje,42.1322,20.7597
20103,ZEKINCE,Zekince,42.2658,20.8089
20105,ZGATAR,Zgatar,42.1303,20.7119
20106,ZIVINJANE,Živinjane,42.1769,20.8228
20107,ZJUM,Zjum,42.1156,20.6675
20109,ZOJIC,Zojiq,42.2975,20.7
20110,ZRZE,,42.3497,20.5706
20111,ZUR,Žur,42.1636,20.6219
21000,SRBICA,,42.734,20.7814
21001,BAKS,Baks,42.7172,20.8794
21002,BANJA,Banja,42.4617,20.7814
21004,BOZEVCE,Boževce,42.8017,20.8244
21005,BROCNA,Broqna,42.6917,20.6744
21006,CIREZ,Çirez,42.7167,20.9
21007,CITAK,Çitak,42.7886,20.6622
21008,CUBRELJ,Çubrelj,42.7667,20.75
21010,DONJEOBRINJE,Donje Obrinje,42.6414,20.7536
21014,DOSEVAC,Doševac,42.7072,20.8611
21015,GORNJAKLINA,Gornja Klina,42.7925,20.7831
21017,GORNJIOBILIC,Gornji Obiliq,42.7242,20.6958
21018,IZBICA,Izbica,42.7247,20.6633
21019,KLADERNICA,Kladernica,42.75,20.6939
21021,KOSTRC,Kostrc,42.7792,20.6903
21022,KOTORE,Kotore,42.8011,20.7431
21023,KOZICA,Kožica,42.73,20.9058
21025,KRASALIC,Krasaliq,42.7439,20.9042
21026,KRASMIROVAC,Krasmirovac,42.725,20.9281
21027,KRASNIC,Krasniq,42.715,20.6622
21028,KRUSEVAC,,42.7146,20.8003
21029,KUCICA,Kuqica,42.8078,20.7731
21030,LAUSA,Lauša,42.735,20.7781
21031,LEOCINA,Leoçina,42.7764,20.6444
21032,LIKOVAC,Likovac,42.665,20.7706
21033,LJUBOVAC,Ljubovac,42.7967,20.8492
21035,MAKRMAL,Makrmal,42.6822,20.8056
21036,MARINA,Marina,42.7114,20.8044
21037,MIKUSNICA,Mikušnica,42.7667,20.8425
21038,MURGA,Murga,42.6083,20.7536
21040,ORUSJE,Orusje,42.7111,20.6797
21041,OVCAREVO,Ovçarevo,42.65,20.7167
21042,SRBICA,,42.734,20.7814
21044,PLUZINA,Plužina,42.6508,20.755
21045,POLJANCE,Poljance,42.7303,20.8342
21046,PRELOVAC,Prelovac,42.7392,20.8903
21047,RADISEVO,Radiševo,42.8281,20.6964
21048,RAKITNICA,Rakitnica,42.7333,20.7333
21049,REZALA,,42.68,20.77
21050,RUDNIK,,42.79,20.68
21051,SALJA,Salja,42.7022,20.6706
21052,SRBICA,,42.734,20.7814
21055,TICA,Tica,42.67,20.7442
21056,TRNAVCE,Trnavce,42.8097,20.7997
21057,TURICEVAC,Turiqevac,42.6992,20.7
21058,TUSILJE,Tušilje,42.6981,20.7425
21059,VITAK,Vitak,42.7667,20.7167
21060,VOCNJAK,Voqnjak,42.7122,20.6717
22000,STIMLJE,Štimlje,42.4331,21.0397
22001,BADRADZI,Badradzi,42.4639,21.0017
22002,BELINCE,Belince,42.4422,21.0092
22003,CRNOLJEVO,Crnoljevo,42.4578,20.9667
22004,DAVIDOVCE,Davidovce,42.4469,21.0647
22007,DUGA,Duga,42.4611,20.9308
22008,GORNJEGODANCE,,42.464,21.0314
22010,KARACICA,Karaçica,42.4683,20.9064
22011,LANISTE,,42.384,20.9583
22012,LUZAK,Lužak,42.415,21.0142
22013,MALOPOLJCE,Malopoljce,42.4011,21.0528
22014,MUZICANE,Mužiçane,42.45,21.0944
22015,PETRASTICA,Petraštica,42.4764,20.9436
22016,PETROVIC,Petroviq,42.4494,21.0406
22017,PETROVO,Petrovo,42.4067,21.0306
22018,RACAK,Raçak,42.4294,21.0164
22019,RANCE,Rance,42.4328,20.9706
22021,RASINCE,Rašince,42.4433,21.0756
22022,RENOJ,Renoj,42.4136,21.0453
22023,SALIHAJ,Salihaj,42.3933,21.0442
22025,STIMLJE,,42.4343,21.0298
22026,TOPILO,Topilo,42.4061,20.9728
22027,VOJINOVCE,Vojinovce,42.4581,21.1119
22028,ZBORCE,Zborce,42.4744,21.0008
22060,GORNJEGODANCE,Gornje Godance,42.4678,21.0364
22080,DONJEGODANCE,Donje Godance,42.4581,21.0475
23001,BEREVCE,Berevce,42.2456,21.0247
23002,BREZOVICA,Brezovica,42.2217,21.0044
23003,BROD,,42.26,21.14
23006,DRAJKOVCE,Drajkovce,42.2528,21.0842
23007,DURINCI,Đurinci,42.2597,21.015
23009,FIRAJA,Firaja,42.4681,20.3733
23010,GORNJABITINJA,Gornja Bitinja,42.2725,21.0297
23011,GOTOVUSA,Gotovuša,42.2492,21.0717
23012,HAIDOR,Haidor,42.2942,21.0669
23013,IZANCE,Ižance,42.2844,21.1031
23014,JAZINCE,Jažince,42.1667,21.1833
23015,KALPAKOVI,Kalpakovi,42.2078,20.9456
23016,KOSTANJEVO,Koštanjevo,42.2956,21.0728
23017,LASARC,Lašarc,42.3,21.0731
23018,NESMA,Nešma,42.2883,21.0689
23019,OGUSAJ,Ogušaj,42.2586,21.1108
23020,POLJOJCA,Poljojca,42.2819,21.0308
23021,POPOVCE,Popovce,42.2619,21.0317
23023,SEVCE,Sevce,42.2097,20.9567
23024,SMAJLOVCI,Smajlovci,42.2625,21.1425
23025,STRPCE,Štrpce,42.2394,21.0272
23026,SUBARINI,Šubarini,42.2139,20.9344
23027,SUSICE,Sušiqe,42.2908,21.0181
23028,VICA,,42.25,21.07
23029,VRBESTICA,Vrbeštica,42.2333,20.9833
24000,SUVAREKA,,42.3507,20.8187
24001,BANJA,Banja,42.4617,20.7814
24002,BELANICA,Belanica,42.4586,20.8169
24003,BLACE,,42.41,20.86
24005,BRESANCE,Brešance,42.4108,20.7789
24006,BUDAKOVO,Budakovo,42.3533,20.9264
24007,BUKOS,,42.339,20.875
24009,BUZALJA,Bužalja,42.3408,20.9164
24010,CAJDRAK,Çajdrak,42.4033,20.9267
24011,DELOVCE,Delovce,42.2831,20.9219
24013,DOBRODELJANE,Dobrodeljane,42.3858,20.7481
24014,DONJAKRUSICA,Donja Krušica,42.3608,20.8933
24015,DRAGACINA,Dragaçina,42.3975,20.9008
24016,DUBRAVA,Dubrava,42.3231,20.8514
24017,DULJE,Dulje,42.4072,20.8792
24018,DVORANE,Dvorane,42.3089,20.9067
24019,FANGU,Fangu,42.425,20.8478
24020,GASI,Gaši,42.4475,20.8439
24021,GELJANCE,Geljance,42.2964,20.7861
24023,GREJCEVCE,Grejçevce,42.4133,20.9342
24024,GREJKOVCE,Grejkovce,42.2842,20.8342
24025,GUNCAT,Guncat,42.4625,20.8522
24026,HALJITAJ,Haljitaj,42.4861,20.8281
24027,JAVOR,Javor,43.0358,20.6075
24028,KARABOJ,Karaboj,42.4453,20.8625
24029,KODRALJI,Kodralji,42.4664,20.4697
24031,KOSTRCE,Kostrce,42.4133,20.7925
24032,KRAVOSERIJA,Kravoserija,42.4361,20.7786
24033,LADROVAC,,42.5,20.83
24034,LADROVIC,Ladroviq,42.4722,20.8417
24035,LESANE,Lešane,42.3278,20.7811
24037,LUBOVCE,Lubovce,42.4219,20.9169
24039,LUZNICA,Lužnica,42.4531,20.8947
24040,MACITEVO,,42.29,20.94
24041,MALIC,Maliq,42.4758,20.7714
24042,MOVLJANE,Movljane,42.3728,20.9033
24043,MUSUTISTE,Mušutište,42.2967,20.8894
24044,NEPREBISTE,Neprebište,42.3417,20.7389
24046,NISOR,Nišor,42.4239,20.8017
24048,PAPAZ,,42.3745,20.9375
24049,PECANE,Peqane,42.3836,20.8219
24050,POPOVLJANE,Popovljane,42.32,20.91
24051,RAMAJ,Ramaj,42.4875,20.8369
24053,RASTANE,Raštane,42.3586,20.7928
24054,RECANE,,42.3596,20.8596
24055,REZ,Rez,42.4769,20.8786
24056,SADIKAJ,Sadikaj,42.4531,20.8656
24058,SAMODRAZA,Samodraža,42.3642,20.7408
24059,SAVROVO,Savrovo,42.3253,20.8744
24060,SELOGRAZDE,Selogražde,42.3053,20.8489
24061,SEMETISTE,Semetište,42.3919,20.8044
24062,SENIK,Senik,42.4819,20.8286
24063,SIROKO,Široko,42.3439,20.8189
24064,SLAPUZANE,Slapužane,42.3844,20.8361
24066,SOPINA,Sopina,42.335,20.8433
24070,STUDENCANE,Studençane,42.3586,20.7586
24072,SUVAREKA,,42.3507,20.8187
24073,TRNJE,Trnje,42.33,20.7656
24074,TUMICINA,Tumiçina,42.4417,20.8364
24075,VRANIC,,42.3258,20.9166
24077,VRSEVCE,Vrševce,42.3872,20.9142
24078,ZEKOLI,Zekoli,42.4344,20.8608
25000,UROSEVAC,,42.3641,21.1564
25002,BABLJAK,Babljak,42.4475,21.1506
25003,BALIC,Baliq,42.3781,21.1028
25006,BIBA,Biba,42.3756,21.1958
25008,BRNES,Brneš,42.3972,21.2008
25009,BUBLICA,Bublica,42.4039,21.13
25010,BURNIK,Burnik,42.2958,21.1083
25011,CAKAMAHALA,Caka Mahala,42.3961,21.2336
25012,CRNILO,Crnilo,42.4575,21.1997
25013,DOGANJEVO,Doganjevo,42.3483,21.1528
25017,DONJENERODIMLJE,Donje Nerodimlje,42.365,21.0939
25019,DRAMNJAK,Dramnjak,42.3856,21.0722
25020,UROSEVAC,,42.3641,21.1564
25022,GATNJE,Gatnje,42.3,21.1542
25025,GORNJENERODIMLJE,Gornje Nerodimlje,42.3703,21.0786
25026,GRBOLE,Grbole,42.4153,21.2119
25027,GREBNO,Grebno,42.3292,21.1531
25028,GRLICA,Grlica,42.3242,21.2006
25029,HORUN,Horun,42.3214,21.2475
25032,JEZERCE,Jezerce,42.3675,21.0297
25033,KACA,Kaça,42.3444,21.2147
25034,KAMENAGLAVA,Kamena Glava,42.3314,21.2167
25035,KATUN,Katun,42.37,21.0078
25036,KOSARE,Košare,42.4203,21.1003
25037,KOSIN,Kosin,42.4142,21.1308
25040,LJUBOVCE,Ljubovce,42.4358,21.1172
25041,LOJZE,Lojze,42.4078,21.1144
25043,MACITEVO,Maçitevo,42.3069,20.9394
25047,MANASTIRCE,Manastirce,42.3581,21.1089
25048,MIROSAVLJE,Mirosavlje,42.4,21.2486
25051,MUHADZERI,Muhadžeri,42.5944,21.3628
25052,MUHOVCE,Muhovce,42.3944,21.1503
25054,NEKODIM,Nekodim,42.3492,21.1728
25055,OMURE,Omure,42.3164,21.1561
25056,PAPAZ,Papaz,42.3722,20.9319
25057,PAPAZ,Papaz,42.4203,21.1889
25058,PISKAVICA,Piskavica,42.3403,21.2128
25059,PLACEVI,Placevi,42.4161,21.1706
25060,PLESINA,Plešina,42.3444,21.1028
25061,POJATISTE,Pojatište,42.3967,21.2172
25062,PROROK,Prorok,42.3761,21.0347
25063,RAHOVICA,Rahovica,42.4231,21.2367
25064,RAKA,Raka,42.2944,21.19
25065,RATKOCER,Ratkocer,42.4014,21.1906
25066,SAJKOVAC,Šajkovac,42.3558,21.0397
25067,SARAISTE,Saraište,42.3928,21.1328
25068,SARAISTE,Saraište,42.3928,21.1328
25069,SAZLIJA,Sazlija,42.4064,21.1861
25070,SERET,Šeret,42.3625,21.1364
25073,SLIVOVO,,42.41,21.1
25074,SOFTOVIC,Softoviq,42.4097,21.2028
25075,SOJEVO,Sojevo,42.3736,21.2258
25076,SRPSKIBABUS,Srpski Babuš,42.4486,21.1753
25078,STAROSELO,Staro Selo,42.3644,21.1958
25079,SVRCINA,Svrçina,42.4397,21.1781
25081,TANKOSIC,Tankosiq,42.3792,21.2892
25082,TOPOJANE,Topojane,42.3186,21.18
25083,TRN,Trn,42.4428,21.1294
25085,UKZMAJL,Ukzmajl,42.3614,21.0097
25086,UROSEVAC,Uroševac,42.3706,21.1553
25087,VAROSSELO,Varoš Selo,42.3422,21.1764
25088,VERISTE,Verište,42.3731,21.0222
25089,ZASKOK,Zaskok,42.3478,21.1378
25090,ZLA,,42.3956,21.2971
26000,VITINA,Vitina,42.3203,21.3578
26001,BALANCE,Balance,42.4094,21.3653
26002,BECELAR,Becelar,42.2472,21.3797
26003,BEGUNCE,Begunce,42.3017,21.3892
26004,BINAC,Binaç,42.2978,21.3664
26005,BUZOVIK,Buzovik,42.2831,21.3897
26007,CIFLAK,,42.3745,21.3541
26008,DEBELDE,Debelde,42.2597,21.3975
26009,DEVAJA,Devaja,42.3975,21.4006
26010,GJYLEKAR,Gjylekar,42.3461,21.4281
26012,DONJASTUBLA,Donja Stubla,42.3367,21.4525
26014,DROBES,Drobeš,42.3144,21.3361
26018,GRMOVO,Grmovo,42.3181,21.315
26019,GRNCAR,Grnçar,42.3261,21.4158
26020,GUSICA,Gušica,42.3056,21.3031
26021,JASAR,Jašar,42.3011,21.2789
26023,KABAS,Kabaš,42.25,20.8167
26024,KLOKOT,Klokot,42.3697,21.3736
26025,LETNICA,Letnica,42.2911,21.4528
26026,LJUBISTE,Ljubište,42.2933,21.4108
26027,MIJAK,Mijak,42.2472,21.3856
26028,MOGILA,Mogila,42.3406,21.3914
26030,NOVOSELO,,42.38,21.34
26032,PODGORCE,Podgorce,42.3167,21.4078
26033,POZARANJE,Požaranje,42.3633,21.3425
26034,PUMPA,Pumpa,42.3267,21.2639
26035,RADIVOJCE,Radivojce,42.3786,21.3911
26036,RAVNISTE,Ravnište,42.3256,21.3819
26037,RIBNIK,Ribnik,42.3581,21.4422
26039,SASARE,Šašare,42.2847,21.4481
26040,SMIRA,Smira,42.2989,21.3208
26041,TRPEZA,,42.3933,21.3541
26042,TRSTENIK,,42.3444,21.25
26045,VITINA,,42.3191,21.3688
26046,VRBAN,Vrban,42.3089,21.2842
26047,VRBOVAC,Vrbovac,42.3281,21.4067
26048,VRNAVOKOLO,Vrnavokolo,42.3031,21.4767
26049,VRNEZ,Vrnez,42.3,21.4783
26050,ZITINJE,Žitinje,42.4014,21.3717
27000,VUCITRN,,42.82,20.955
27001,BACKA,Baçka,42.0114,20.6656
27002,BALINCE,Balince,42.8097,20.8897
27003,BANJSKA,Banjska,42.8586,20.9539
27004,BECIC,Beçiq,42.7531,20.8908
27005,BENCUK,Bençuk,42.7286,20.9725
27006,BIVOLJAK,Bivoljak,42.7142,21.0083
27007,BOSLJANE,Bošljane,42.9133,21.0117
27008,BRUSNIK,Brusnik,42.7806,20.9339
27009,BUKOS,,42.8841,20.9375
27010,CARET,Çaret,42.8414,21.0847
27011,CECELIJA,Cecelija,42.8478,21.0539
27012,DOBRALUKA,Dobra Luka,42.8447,20.9464
27013,DOLJAK,Doljak,42.8167,20.9275
27015,DONJASUDIMLJA,Donja Sudimlja,42.8236,21.0036
27016,DONJESTANOVCE,Donje Stanovce,42.7417,21.0344
27018,DRVARE,Drvare,42.7589,20.9797
27019,DUBOVAC,Dubovac,42.7628,20.8986
27020,GALICA,Galica,42.9033,20.0289
27021,GLAVOTINA,Glavotina,42.7239,21.0053
27022,GOJBULJA,Gojbulja,42.8481,20.9911
27023,GORNJADUBNICA,Gornja Dubnica,42.8103,21.0961
27024,GORNJASUDIMLJA,Gornja Sudimlja,42.8478,21.0317
27025,GORNJESTANOVCE,Gornje Stanovce,42.7647,21.0344
27027,GRACE,Grace,42.7456,21.0583
27028,GUMNISTE,Gumnište,42.46,21.3761
27030,JEZERO,Jezero,42.8061,20.9039
27032,KOLO,Kolo,42.7714,20.9319
27033,KUNOVIK,Kunovik,42.8672,21.0683
27034,KURILOVO,Kurilovo,42.9153,21.0361
27036,MIJALIC,Mijaliq,42.75,21.0
27037,MIROCE,Miroçe,42.8586,20.9953
27038,NEDAKOVAC,Nedakovac,42.8006,20.9889
27039,NEVOLJANE,Nevoljane,42.7892,20.9539
27040,NOVOSELOBEGOVO,Novo Selo Begovo,42.8331,20.9867
27041,NOVOSELOMADJUNSKO,Novo Selo Madjunsko,42.7586,21.0308
27042,OKRASTICA,Okraštica,42.8253,20.9094
27043,OSLJANE,Ošljane,42.8094,20.8733
27044,PANTINA,Pantina,42.8339,20.9025
27045,PASOMA,Pasoma,42.8833,20.9564
27046,PESTOVO,Pestovo,42.7833,21.0
27047,PRILUZJE,Prilužje,42.73,21.0236
27048,RESNIK,,42.7765,20.9689
27049,ROPICA,Ropica,42.8047,21.0336
27050,SALCE,Salcë,42.2675,19.8808
27051,SAMODREZA,Samodreža,42.8233,21.0475
27052,SKOCNA,Skoçna,42.8661,21.0306
27053,SKROVNA,Skrovna,42.8922,21.0214
27054,SLAKOVCE,Slakovce,42.8744,21.0517
27055,SLATINA,Slatina,42.2642,21.1611
27056,SLJIVOVICA,Šljivovica,42.8894,20.9919
27057,SMREKOVNICA,Smrekovnica,42.8686,20.9411
27058,STITARICA,Štitarica,42.8261,20.9319
27059,STROVCE,Strovce,42.7136,20.9803
27060,TARADZA,Taradža,42.7908,20.9036
27063,VESEKOVCE,Vesekovce,42.9286,21.0292
27064,VILJANCE,Viljance,42.7961,21.0297
27065,VRNICA,Vrnica,42.7883,20.9678
27066,VIC,,42.82,20.955
27067,ZAGORJE,Zagorje,42.8167,19.9167
27069,ZILIVODA,Žilivoda,42.6978,20.99
28000,ZUBINPOTOK,Zubin Potok,42.9144,20.6897
28001,BABUDOVICA,Babudovica,42.9656,20.6358
28002,BANJA,Banja,42.8142,20.6725
28004,BRNJAK,Brnjak,42.9319,20.5678
28005,BUBE,Bube,42.9808,20.6186
28006,BURLATE,Burlate,42.9692,20.5994
28007,CABRA,Çabra,42.9067,20.7725
28008,CECEVO,Çeçevo,42.9183,20.5986
28009,CESANOVICE,Çešanoviqe,42.9828,20.6347
28010,CITLUK,Çitluk,42.9156,20.7092
28011,CREPULJA,Crepulja,42.8758,20.6778
28012,CUKOVAC,Çukovac,42.9394,20.5683
28015,DOBROSEVINA,Dobroševina,42.9189,20.7017
28016,DONJEVARAGE,,42.89,20.72
28018,DRAGALICE,Dragalice,42.96,20.5361
28020,DREN,Dren,43.1322,20.7686
28021,GAZIVODE,Gazivode,42.9375,20.6711
28022,GLUACA,Gluaça,42.895,20.7133
28026,JABUKA,Jabuka,42.9025,20.6603
28027,JAGNJENICA,Jagnjenica,42.9222,20.7511
28030,JUNAKE,Junake,43.0064,20.6761
28031,KLECKE,Kleçke,42.9794,20.5672
28033,KOLOVRT,Kolovrt,42.8778,20.7606
28034,KOPILOVICI,Kopiloviqi,42.9606,20.6111
28035,KOVACE,Kovaçe,42.9292,20.6522
28036,KOZAREVO,Kozarevo,42.9594,20.735
28037,KRLIGATE,Krligatë,42.8319,20.7328
28042,OKLACE,Oklace,42.9542,20.5203
28043,ORASEK,Orašek,42.9381,20.5992
28044,PADINE,Padine,42.9583,20.7147
28045,PARUCI,Paruci,43.0181,20.6847
28048,PRESEKA,Preseka,42.9272,20.5714
28049,PREVLAK,Prevlak,42.8914,20.6856
28050,PRIDVORICA,Pridvorica,42.9208,20.6897
28051,RANCICE,Rançiqe,42.9872,20.6767
28052,REZALA,Rezala,42.6939,20.7769
28053,ROVCE,Rovce,42.9094,20.6575
28054,RUJISTE,Rujište,42.9406,20.75
28055,SPILE,Špile,42.9578,20.5817
28057,TUSICE,Tusiqe,42.9475,20.5844
28058,UGLJARE,,42.9034,20.7083
28059,VARAGE,Varage,42.9844,20.5794
28062,VIDOVCE,Vidovce,42.9803,20.6817
28063,VOJMISLICE,Vojmisliqe,42.9931,20.7058
28064,VRBA,Vrba,43.1669,20.6631
28065,VUKOJEVICE,Vukojeviqe,42.9511,20.5608
28067,ZAGULJE,Zagulje,42.8833,20.655
28068,ZAREVI,Žarevi,43.0297,20.6642
28069,ZECEVICE,Zeçeviqe,43.0044,20.6528
28070,ZUBINPOTOK,,42.9101,20.687
28071,ZUPCE,Zupçe,42.8961,20.7678
29001,BANJSKA,Banjska,42.8586,20.9539
29005,BOLJETIN,Boljetin,42.9356,20.8572
29006,BRESNICA,Bresnica,42.9636,20.7883
29008,DAVA,Dava,42.9519,20.7672
29009,DOLJANE,Doljane,42.9269,20.8106
29011,ERCE,Erce,43.0253,20.7397
29013,GRABOVAC,,42.9326,20.8333
29014,GRIZANI,Grižani,43.0228,20.7064
29015,GRUBOVICA,Grubovica,43.0253,20.7214
29017,IZVORI,Izvori,43.035,20.6864
29019,JOSEVIK,Joševik,42.9672,20.8097
29021,KORILJE,Korilje,42.9133,20.8347
29022,KRIVACA,Krivaça,43.0156,20.76
29023,KULA,Kula,42.9961,20.8117
29025,LETOVAC,Letovac,43.0317,20.7425
29026,LIPA,Lipa,42.92,20.8608
29027,LIPOVICA,Lipovica,42.405,21.5403
29028,LOKVA,Lokva,42.9436,20.7794
29029,LOVAC,Lovac,42.9622,20.7636
29030,LOZISTE,Lozište,42.9769,20.8189
29032,MATICA,Matica,42.9153,20.8197
29034,ORAOVICA,Oraovica,43.0111,20.7378
29036,RUDINE,Rudine,43.0275,20.7392
29037,SENDO,Sendo,42.9364,20.8103
29038,SRBOVAC,Srbovac,42.9522,20.8383
29039,VALAC,Valaç,42.9469,20.8306
29041,VILISTE,Vilište,42.9506,20.7817
29042,ZAZA,Žaža,42.9433,20.8672
29043,ZEROVNICA,Žerovnica,42.9319,20.8067
29044,ZITKOVAC,Žitkovac,42.9311,20.8239
29045,ZVECAN,Zveçan,42.9075,20.8403
99900,,,0.0,0.0
99970,,,0.0,0.0
99971,,,0.0,0.0
99980,,,0.0,0.0
99990,,,0.0,0.0
99999,,,0.0,0.0
